<?xml version="1.0" encoding="utf-8"?>
<feed xmlns="http://www.w3.org/2005/Atom"><title>Thomas</title><link href="/" rel="alternate"></link><link href="/feeds/all.atom.xml" rel="self"></link><id>/</id><updated>2010-12-03T10:20:00+01:00</updated><entry><title>My First Review</title><link href="/my-first-review.html" rel="alternate"></link><published>2010-12-03T10:20:00+01:00</published><updated>2010-12-03T10:20:00+01:00</updated><author><name>Thomas</name></author><id>tag:None,2010-12-03:/my-first-review.html</id><content type="html">&lt;p&gt;Following is a review of my favorite mechanical keyboard.&lt;/p&gt;</content><category term="Review"></category></entry></feed>